s_1,s_2,s_3,s_4,s_5,s_6,s_7,s_8,s_9,s_10,s_11,s_12,s_13,s_14,s_15,s_16,s_17,s_18,email,statoverall_1,statoverall_2,statoverall_3,statoverall_4,statoverall_5,s_19,s_20,s_21
1,2,3,2,3,2,2,2,2,2,2,3,3,3,3,3,3,3,"",0,0,0,1,0,1,,""
1,1,2,1,5,1,2,2,1,1,2,2,3,3,5,2,2,1,"",0,0,0,1,0,1,,""
1,3,3,2,3,5,4,2,3,3,2,1,2,2,3,4,3,2,"",0,0,0,1,0,1,,""
1,3,1,3,2,4,4,2,4,3,3,3,2,3,2,3,4,5,"",0,0,0,1,0,3,,""
1,2,3,1,2,4,5,2,2,2,4,3,2,3,2,4,5,3,"",0,0,0,1,0,1,,""
1,2,2,1,2,4,2,1,1,1,2,3,3,5,3,4,4,3,"",0,0,0,1,0,1,,""
1,2,3,3,4,4,2,1,2,1,2,2,2,4,2,4,2,1,"",0,0,0,1,0,1,,""
1,2,3,2,4,4,3,2,1,1,2,3,5,5,5,2,3,2,"",0,0,0,1,0,1,,""
2,,,,,,,,,,,,,,,,,,"",0,0,0,1,0,1,3,"Jeg tænker ikke så meget over det"
1,2,4,2,4,2,3,2,1,1,2,2,2,4,2,3,4,2,"",0,0,0,1,0,1,,""
1,3,1,3,2,3,4,4,3,3,3,4,4,4,3,2,4,3,"",0,0,0,1,0,1,,""
1,2,2,2,4,2,2,2,1,1,2,3,3,4,4,3,2,2,"",0,0,0,1,0,1,,""
2,,,,,,,,,,,,,,,,,,"",0,0,0,1,0,1,1,""
1,1,2,2,3,4,2,1,3,2,2,3,2,2,1,2,4,2,"",0,0,0,1,0,1,,""
1,2,3,2,3,4,5,1,1,2,3,3,2,3,3,3,4,1,"",0,0,0,1,0,1,,""
1,3,1,2,3,5,4,2,3,2,2,3,2,2,3,2,4,3,"",0,0,0,1,0,1,,""
1,1,5,1,5,2,2,1,2,4,2,2,2,2,2,5,1,1,"",0,0,0,1,0,1,,""
1,1,2,1,4,4,2,2,3,2,1,2,3,4,4,4,2,1,"",0,0,0,1,0,1,,""
1,2,3,2,4,2,4,1,2,3,3,2,2,3,3,3,4,3,"",0,0,0,1,0,1,,""
1,3,1,2,2,4,5,2,1,1,1,1,1,3,1,2,4,1,"",0,0,0,1,0,1,,""
1,,,,,,,,,,,,,,,,,,"",0,0,1,0,0,1,,""
1,1,4,1,5,4,4,1,2,3,1,1,1,1,1,4,2,1,"",0,0,0,1,0,1,,""
1,2,2,1,5,2,2,1,2,3,1,1,1,3,3,4,3,1,"",0,0,0,1,0,1,,""
1,,,,,,,,,,,,,,,,,,"",0,0,1,0,0,4,,""
1,3,1,3,2,2,4,1,2,3,3,3,2,1,2,1,5,2,"",0,0,0,1,0,1,,""
1,1,3,2,2,2,3,2,2,2,2,3,1,2,2,1,3,1,"",0,0,0,1,0,1,,""
1,3,2,3,3,2,3,1,4,2,4,2,2,1,3,1,5,1,"",0,0,0,1,0,1,,""
1,3,2,2,2,1,3,3,1,1,2,3,3,3,3,1,3,3,"",0,0,0,1,0,1,,""
2,,,,,,,,,,,,,,,,,,"",0,0,0,1,0,4,3,"Jeg køber helst lokale varer, eller i det mindste danske, hvor det er muligt."
2,,,,,,,,,,,,,,,,,,"",0,0,0,1,0,1,2,""
1,3,1,3,1,3,5,2,2,3,4,2,2,1,1,1,3,2,"",0,0,0,1,0,1,,""
1,2,3,2,4,2,5,2,1,2,3,3,3,4,5,5,4,1,"",0,0,0,1,0,4,,""
1,1,1,2,4,1,5,2,4,3,2,2,3,1,4,5,5,5,"",0,0,0,1,0,4,,""
2,,,,,,,,,,,,,,,,,,"",0,0,0,1,0,3,2,""
1,1,5,1,5,2,2,2,1,1,2,3,3,5,4,5,1,4,"",0,0,0,1,0,1,,""
1,1,2,1,5,5,5,1,2,2,2,2,4,5,2,1,5,2,"",0,0,0,1,0,1,,""
1,4,1,3,4,3,4,4,1,1,2,2,2,4,3,3,4,4,"",0,0,0,1,0,1,,""
2,,,,,,,,,,,,,,,,,,"",0,0,0,1,0,1,1,""
1,1,2,2,3,2,3,1,3,1,2,1,1,3,2,3,2,2,"",0,0,0,1,0,1,,""
2,,,,,,,,,,,,,,,,,,"",0,0,0,1,0,1,2,""
1,3,2,4,3,5,5,1,5,3,4,1,1,1,3,2,4,3,"",0,0,0,1,0,1,,""
1,2,2,1,5,2,4,2,2,1,3,3,4,3,3,2,4,2,"",0,0,0,1,0,1,,""
1,2,1,2,1,1,1,2,3,2,3,5,3,4,4,4,3,3,"",0,0,0,1,0,1,,""
1,1,4,1,5,3,1,1,3,1,3,3,3,4,3,4,1,1,"",0,0,0,1,0,4,,""
1,2,2,1,1,2,3,1,4,1,2,5,1,3,3,1,3,3,"",0,0,0,1,0,1,,""
1,2,1,1,2,1,5,4,5,3,3,2,3,2,2,2,5,4,"",0,0,0,1,0,1,,""
1,2,2,3,2,1,2,2,3,2,1,3,3,3,3,2,2,3,"",0,0,0,1,0,1,,""
1,2,4,2,3,2,2,2,1,1,1,1,4,4,4,2,3,3,"",0,0,0,1,0,1,,""
1,2,4,2,5,1,3,1,1,1,2,2,3,3,3,5,3,3,"",0,0,0,1,0,4,,""
1,2,2,2,4,3,4,3,2,2,2,3,3,4,3,2,3,3,"",0,0,0,1,0,1,,""
1,1,4,1,5,5,4,1,2,1,1,2,2,4,2,5,2,1,"",0,0,0,1,0,1,,""
1,3,3,2,3,3,3,3,3,3,3,3,3,3,3,2,3,3,"",0,0,0,1,0,1,,""
1,3,1,3,3,2,4,4,3,2,4,3,3,2,3,5,5,3,"",0,0,0,1,0,1,,""
1,3,3,2,3,4,4,2,2,1,4,3,2,2,2,3,4,5,"",0,0,0,1,0,1,,""
1,2,4,2,4,4,4,1,2,2,2,3,2,2,2,3,3,1,"",0,0,0,1,0,1,,""
1,1,3,2,4,4,3,1,2,2,3,3,1,1,1,4,5,3,"",0,0,0,1,0,1,,""
1,2,4,2,4,3,3,1,2,2,2,3,2,3,3,3,3,1,"",0,0,0,1,0,1,,""
1,2,4,1,4,4,5,1,1,1,2,3,3,4,3,5,3,4,"",0,0,0,1,0,4,,""
1,2,2,2,3,4,2,1,1,2,3,3,1,2,1,4,4,1,"",0,0,0,1,0,1,,""
2,,,,,,,,,,,,,,,,,,"",0,0,0,1,0,1,1,""
1,2,2,2,3,1,1,1,2,1,1,3,1,4,4,1,2,2,"",0,0,0,1,0,1,,""
1,2,2,2,2,3,4,2,1,1,2,3,3,2,2,2,3,2,"",0,0,0,1,0,1,,""
1,2,2,2,4,4,5,3,1,1,2,4,3,2,4,1,5,1,"",0,0,0,1,0,1,,""
1,2,3,1,2,2,2,1,2,2,2,2,1,2,1,1,2,1,"",0,0,0,1,0,1,,""
2,,,,,,,,,,,,,,,,,,"",0,0,0,1,0,1,3,"Fint med klimavenlig indkøb, er også med at sortere affald som er også er en vigtig del"
1,1,5,1,5,2,3,2,2,2,1,2,4,5,4,5,2,2,"",0,0,0,1,0,1,,""
1,2,5,3,5,5,5,1,5,3,1,3,3,1,3,3,3,1,"",0,0,0,1,0,1,,""
1,1,5,1,5,2,4,1,1,3,2,1,2,2,2,2,3,3,"",0,0,0,1,0,1,,""
1,2,5,1,4,3,3,1,2,2,2,1,1,1,2,1,3,1,"",0,0,0,1,0,1,,""
1,1,4,2,3,4,3,1,1,1,2,1,3,3,1,3,3,1,"",0,0,0,1,0,1,,""
1,1,3,3,2,3,4,4,1,2,1,1,3,4,2,4,3,3,"",0,0,0,1,0,1,,""
1,2,4,1,4,1,2,2,1,1,2,4,2,5,4,2,1,2,"",0,0,0,1,0,1,,""
1,1,5,1,5,1,5,1,3,2,1,1,1,5,5,3,2,1,"",0,0,0,1,0,1,,""
1,,,,,,,,,,,,,,,,,,"",0,0,1,0,0,1,,""
1,1,1,2,5,2,1,1,1,1,1,2,4,5,4,5,1,4,"",0,0,0,1,0,1,,""
1,2,4,1,5,2,1,2,2,2,2,4,1,1,4,2,4,1,"",0,0,0,1,0,1,,""
1,1,4,1,5,3,5,1,2,1,2,1,1,4,3,4,2,1,"",0,0,0,1,0,1,,""
2,,,,,,,,,,,,,,,,,,"",0,0,0,1,0,1,2,""
1,2,3,2,4,3,4,2,3,3,2,2,3,3,2,2,4,2,"",0,0,0,1,0,1,,""
1,1,3,2,4,2,2,1,3,2,2,1,1,1,2,1,3,3,"",0,0,0,1,0,1,,""
1,2,3,2,3,2,4,2,3,3,4,1,1,3,3,3,3,2,"",0,0,0,1,0,1,,""
1,1,4,1,2,4,4,1,4,2,2,1,1,2,2,2,3,1,"",0,0,0,1,0,4,,""
1,1,5,1,4,2,2,1,1,1,2,1,4,5,5,5,2,1,"",0,0,0,1,0,1,,""
1,1,3,1,3,3,2,1,3,3,2,2,1,3,3,3,3,3,"",0,0,0,1,0,1,,""
1,2,1,1,3,2,1,1,2,2,4,3,3,2,4,1,4,1,"",0,0,0,1,0,1,,""
1,2,4,2,5,4,2,1,1,1,2,1,1,3,2,2,2,1,"",0,0,0,1,0,1,,""
1,3,2,1,2,3,4,3,3,1,2,3,2,3,2,2,3,1,"",0,0,0,1,0,1,,""
1,1,5,1,5,1,2,1,1,1,1,2,2,5,2,2,1,1,"",0,0,0,1,0,1,,""
1,2,3,3,2,3,3,2,3,3,3,3,2,2,2,2,4,3,"",0,0,0,1,0,1,,""
1,2,2,1,2,1,2,1,1,1,2,2,1,2,2,3,4,1,"",0,0,0,1,0,1,,""
2,,,,,,,,,,,,,,,,,,"",0,0,0,1,0,1,1,""
1,3,5,4,3,2,5,2,3,1,5,3,3,3,5,1,5,3,"",0,0,0,1,0,1,,""
1,3,2,2,3,4,5,1,2,1,4,2,3,3,2,2,5,3,"",0,0,0,1,0,1,,""
1,3,1,2,3,2,5,4,2,1,2,3,1,1,1,4,5,1,"",0,0,0,1,0,1,,""
1,1,2,2,5,5,2,1,1,1,2,2,2,3,2,3,3,2,"",0,0,0,1,0,1,,""
1,2,5,1,5,3,3,1,1,1,2,2,2,2,2,3,3,2,"",0,0,0,1,0,1,,""
1,1,5,1,5,2,3,3,1,1,1,2,2,2,5,4,2,1,"",0,0,0,1,0,1,,""
1,4,1,5,1,4,4,3,3,3,4,2,2,2,3,2,4,3,"",0,0,0,1,0,1,,""
2,,,,,,,,,,,,,,,,,,"",0,0,0,1,0,1,2,""
2,,,,,,,,,,,,,,,,,,"",0,0,0,1,0,1,2,""
1,2,1,2,3,2,5,2,3,3,5,1,2,2,2,2,5,1,"",0,0,0,1,0,1,,""
1,3,2,2,3,2,3,1,1,1,3,3,1,1,2,1,3,1,"",0,0,0,1,0,3,,""
1,5,2,2,2,2,5,2,2,3,4,3,2,2,3,1,5,3,"",0,0,0,1,0,1,,""
1,2,2,1,4,2,5,5,2,2,1,2,4,4,4,5,2,3,"",0,0,0,1,0,1,,""
1,1,5,1,5,2,1,1,1,1,2,3,1,1,1,4,1,1,"",0,0,0,1,0,1,,""
1,2,3,2,4,2,5,2,2,2,2,3,3,2,4,4,4,1,"",0,0,0,1,0,1,,""
1,,,,,,,,,,,,,,,,,,"",0,0,1,0,0,1,,""
1,2,2,2,3,4,5,1,2,1,2,3,2,3,2,3,3,2,"",0,0,0,1,0,1,,""
1,1,5,1,4,2,3,3,2,2,2,3,4,4,2,4,2,2,"",0,0,0,1,0,1,,""
1,2,4,2,5,2,4,2,1,2,3,2,1,2,2,2,4,1,"",0,0,0,1,0,4,,""
1,3,1,2,2,4,3,2,1,1,3,3,2,2,4,1,5,2,"",0,0,0,1,0,4,,""
1,1,3,1,3,5,4,1,1,2,1,1,3,3,1,3,3,1,"",0,0,0,1,0,1,,""
1,2,3,2,3,2,4,3,2,2,3,3,3,2,3,2,4,3,"",0,0,0,1,0,1,,""
1,1,4,1,2,2,2,1,2,3,1,4,5,4,2,3,4,1,"",0,0,0,1,0,1,,""
1,2,4,2,3,2,2,2,2,1,2,4,2,2,3,1,3,3,"",0,0,0,1,0,1,,""
1,1,1,1,1,1,1,1,1,2,1,1,1,1,2,1,1,1,"",0,0,0,1,0,1,,""
1,1,5,1,5,3,2,1,1,1,2,2,2,5,3,5,1,1,"",0,0,0,1,0,3,,""
1,2,2,2,4,3,3,2,1,2,2,2,3,2,3,4,4,4,"",0,0,0,1,0,1,,""
1,2,1,2,5,4,3,2,1,2,2,3,1,2,3,4,1,1,"",0,0,0,1,0,1,,""
2,,,,,,,,,,,,,,,,,,"",0,0,0,1,0,1,2,""
1,1,5,1,1,1,1,1,1,1,1,1,1,1,1,1,1,1,"",0,0,0,1,0,1,,""
1,1,3,2,2,1,3,2,1,1,1,2,4,5,4,5,1,1,"",0,0,0,1,0,1,,""
1,1,4,1,5,1,3,2,1,1,1,1,2,1,3,2,2,1,"",0,0,0,1,0,1,,""
1,2,1,2,2,4,1,1,1,1,2,1,1,1,1,1,2,1,"",0,0,0,1,0,1,,""
1,,,,,,,,,,,,,,,,,,"",0,0,1,0,0,,,""
1,1,4,1,3,5,4,1,1,1,2,1,1,2,2,1,5,1,"",0,0,0,1,0,1,,""
1,1,4,1,4,4,1,1,2,2,2,1,1,1,2,2,2,1,"",0,0,0,1,0,1,,""
1,2,2,3,2,3,3,3,3,2,3,3,3,3,3,3,4,3,"",0,0,0,1,0,1,,""
1,2,1,1,2,1,3,1,2,1,3,2,1,1,1,2,4,1,"",0,0,0,1,0,1,,""
2,,,,,,,,,,,,,,,,,,"",0,0,0,1,0,1,2,""
1,2,4,1,5,4,2,2,1,1,2,2,2,4,2,2,3,2,"",0,0,0,1,0,1,,""
1,2,3,1,4,3,5,2,1,1,3,3,1,3,1,2,3,1,"",0,0,0,1,0,1,,""
1,2,2,1,4,4,5,1,4,1,3,1,1,2,4,3,4,1,"",0,0,0,1,0,1,,""
1,2,4,2,3,4,4,4,3,4,4,3,2,2,4,2,3,4,"",0,0,0,1,0,1,,""
1,3,3,2,2,3,3,4,3,2,3,2,3,3,2,2,4,3,"",0,0,0,1,0,1,,""
1,1,2,1,2,2,4,1,2,2,2,1,3,5,5,5,5,1,"",0,0,0,1,0,1,,""
1,2,1,1,2,1,1,3,1,1,2,3,3,2,5,3,3,1,"",0,0,0,1,0,1,,""
1,1,4,1,5,2,3,2,2,1,1,3,2,4,3,2,3,2,"",0,0,0,1,0,1,,""
2,,,,,,,,,,,,,,,,,,"",0,0,0,1,0,1,2,""
1,2,3,2,4,5,3,2,1,1,2,3,2,3,2,2,4,2,"",0,0,0,1,0,1,,""
1,2,4,2,4,3,2,3,2,2,2,2,2,3,3,2,3,3,"",0,0,0,1,0,1,,""
1,2,3,2,4,3,4,2,2,1,3,3,3,2,4,4,3,2,"",0,0,0,1,0,4,,""
1,2,3,2,2,4,5,1,2,2,1,3,2,2,2,5,2,1,"",0,0,0,1,0,1,,""
1,1,2,1,2,4,4,1,2,1,1,1,2,4,4,2,4,1,"",0,0,0,1,0,4,,""
1,1,4,2,4,4,4,1,3,4,2,2,5,4,2,3,4,2,"",0,0,0,1,0,1,,""
1,1,5,1,5,5,2,1,1,1,2,1,1,1,2,2,2,1,"",0,0,0,1,0,1,,""
1,1,5,1,5,2,3,1,1,1,1,3,5,4,3,2,4,1,"",0,0,0,1,0,1,,""
,,,,,,,,,,,,,,,,,,"",0,1,0,0,0,,,""
1,2,4,2,4,1,2,1,1,1,2,1,2,2,1,2,3,1,"",0,0,0,1,0,1,,""
2,,,,,,,,,,,,,,,,,,"",0,0,0,1,0,4,2,""
1,2,3,2,4,2,5,3,1,1,2,2,1,2,2,1,4,5,"",0,0,0,1,0,1,,""
2,,,,,,,,,,,,,,,,,,"",0,0,0,1,0,4,2,""
1,2,3,3,2,3,2,2,1,1,3,3,3,2,2,2,2,2,"",0,0,0,1,0,1,,""
1,1,4,2,4,2,3,1,1,1,2,3,3,3,4,4,2,2,"",0,0,0,1,0,4,,""
1,2,4,1,4,2,1,2,3,2,2,3,3,4,3,4,3,2,"",0,0,0,1,0,4,,""
1,2,3,2,3,2,1,3,4,2,3,2,1,2,3,1,4,5,"",0,0,0,1,0,1,,""
1,1,5,1,5,1,1,1,1,1,1,1,2,5,3,5,2,1,"",0,0,0,1,0,1,,""
1,1,4,1,4,3,3,1,1,1,1,3,1,2,2,4,3,1,"",0,0,0,1,0,4,,""
1,1,2,1,5,2,4,3,4,1,3,2,2,2,2,2,3,2,"",0,0,0,1,0,1,,""
1,1,4,1,4,4,2,1,5,5,1,1,1,2,2,2,2,1,"",0,0,0,1,0,4,,""
1,2,3,1,4,2,5,2,3,3,2,1,2,5,3,3,2,1,"",0,0,0,1,0,3,,""
1,2,2,2,4,4,3,2,2,1,2,2,3,3,3,5,3,3,"",0,0,0,1,0,1,,""
1,1,4,1,5,2,4,1,2,2,1,3,2,2,3,3,3,1,"",0,0,0,1,0,4,,""
1,2,3,1,5,4,5,1,1,1,3,2,1,2,3,5,3,5,"",0,0,0,1,0,1,,""
1,2,2,2,3,2,4,1,2,1,2,3,3,1,2,4,3,3,"",0,0,0,1,0,1,,""
1,1,5,1,5,1,1,1,1,1,1,3,3,5,3,5,3,3,"",0,0,0,1,0,1,,""
1,2,2,2,4,2,4,2,2,1,2,2,3,4,3,2,3,2,"",0,0,0,1,0,1,,""
1,1,4,2,3,5,2,2,1,1,1,2,1,3,2,2,5,2,"",0,0,0,1,0,1,,""
1,2,1,2,1,1,5,5,2,2,3,3,1,1,2,1,5,1,"",0,0,0,1,0,1,,""
1,2,1,2,3,4,5,2,1,1,2,3,2,3,2,3,5,3,"",0,0,0,1,0,1,,""
1,2,2,2,4,2,2,4,5,2,2,1,5,2,5,2,5,3,"",0,0,0,1,0,1,,""
1,2,2,1,4,1,1,4,1,1,2,2,2,4,4,2,2,2,"",0,0,0,1,0,1,,""
1,2,4,2,4,5,5,2,3,2,2,3,2,2,2,2,4,3,"",0,0,0,1,0,1,,""
1,2,3,2,3,5,5,1,2,2,4,3,2,2,1,1,4,3,"",0,0,0,1,0,1,,""
1,,,,,,,,,,,,,,,,,,"",0,0,1,0,0,3,,""
1,2,4,1,5,2,2,1,3,2,2,4,2,4,4,2,3,2,"",0,0,0,1,0,3,,""
1,2,2,1,4,5,3,1,1,1,1,1,1,3,1,3,3,1,"",0,0,0,1,0,4,,""
1,2,2,2,4,4,5,2,1,1,2,3,2,2,2,2,2,3,"",0,0,0,1,0,1,,""
1,4,2,2,2,4,5,2,2,3,5,2,1,1,1,2,4,2,"",0,0,0,1,0,1,,""
1,2,2,2,4,3,3,2,2,1,3,2,2,4,3,2,2,2,"",0,0,0,1,0,1,,""
1,2,3,1,5,4,3,1,2,1,3,1,1,3,2,2,3,1,"",0,0,0,1,0,1,,""
1,1,5,2,5,3,1,1,2,2,2,1,2,2,2,4,2,1,"",0,0,0,1,0,1,,""
1,4,1,3,1,5,5,4,3,3,4,3,3,4,2,1,5,3,"",0,0,0,1,0,1,,""
1,3,4,2,2,1,3,2,2,1,2,2,1,1,3,2,2,2,"",0,0,0,1,0,1,,""
1,2,4,2,5,4,3,1,1,1,2,1,3,4,2,5,2,1,"",0,0,0,1,0,1,,""
1,1,5,1,5,3,2,1,1,1,1,1,1,2,3,5,2,1,"",0,0,0,1,0,1,,""
1,1,4,1,5,3,4,1,1,5,1,1,1,3,4,5,1,1,"",0,0,0,1,0,1,,""
2,,,,,,,,,,,,,,,,,,"",0,0,0,1,0,1,1,""
1,2,2,2,3,2,3,3,1,1,2,3,2,3,3,2,3,2,"",0,0,0,1,0,1,,""
1,2,2,2,2,4,4,2,2,1,2,2,2,2,2,4,4,3,"",0,0,0,1,0,1,,""
1,3,1,3,3,2,4,4,3,3,3,3,2,2,3,2,5,5,"",0,0,0,1,0,1,,""
1,4,2,3,3,3,4,2,1,2,4,3,4,2,2,1,5,2,"",0,0,0,1,0,1,,""
1,2,3,2,2,4,2,2,2,2,1,2,1,5,1,2,2,3,"",0,0,0,1,0,,,""
1,3,4,2,4,2,4,4,1,1,3,3,4,3,2,3,4,4,"",0,0,0,1,0,1,,""
1,2,1,3,3,4,5,3,5,3,3,3,1,3,3,3,5,3,"",0,0,0,1,0,4,,""
1,,,,,,,,,,,,,,,,,,"",0,0,1,0,0,3,,""
1,2,3,1,5,4,5,1,4,3,1,2,1,5,3,1,5,1,"",0,0,0,1,0,1,,""
1,3,2,2,3,3,4,1,3,3,4,3,3,4,2,2,4,2,"",0,0,0,1,0,1,,""
1,2,2,1,1,3,2,3,1,1,3,3,3,3,4,2,3,3,"",0,0,0,1,0,1,,""
2,,,,,,,,,,,,,,,,,,"",0,0,0,1,0,1,1,""
1,2,4,1,5,3,3,1,2,1,2,1,1,3,1,4,4,1,"",0,0,0,1,0,1,,""
1,2,3,2,5,2,4,3,2,2,2,5,5,4,3,5,4,2,"",0,0,0,1,0,4,,""
1,2,3,2,4,4,4,2,2,2,3,3,2,3,2,4,3,2,"",0,0,0,1,0,4,,""
1,3,5,2,5,5,5,1,2,5,3,3,1,5,2,5,5,2,"",0,0,0,1,0,1,,""
1,1,3,2,3,3,3,1,2,4,3,2,1,2,3,5,3,1,"",0,0,0,1,0,1,,""
1,3,1,2,4,3,5,2,3,3,1,3,1,1,2,4,3,1,"",0,0,0,1,0,1,,""
1,3,1,2,2,5,5,1,3,3,3,3,2,1,1,2,5,1,"",0,0,0,1,0,1,,""
1,2,2,2,4,5,3,1,2,2,3,3,2,2,2,5,3,3,"",0,0,0,1,0,1,,""
1,2,4,2,4,3,3,2,3,3,3,3,3,3,3,2,4,2,"",0,0,0,1,0,1,,""
2,,,,,,,,,,,,,,,,,,"",0,0,0,1,0,1,2,""
1,2,3,1,3,3,3,2,4,5,3,3,3,4,3,3,3,2,"",0,0,0,1,0,1,,""
2,,,,,,,,,,,,,,,,,,"",0,0,0,1,0,1,2,""
1,2,1,4,3,4,5,2,2,1,4,1,1,1,1,2,4,1,"",0,0,0,1,0,1,,""
1,2,4,3,4,5,4,2,3,2,4,3,2,3,2,1,5,3,"",0,0,0,1,0,1,,""
1,1,4,2,4,3,4,2,2,3,2,3,3,3,3,4,3,3,"",0,0,0,1,0,1,,""
1,2,1,2,4,3,3,2,1,2,4,3,4,1,2,1,5,4,"",0,0,0,1,0,1,,""
1,3,1,2,4,1,1,2,1,2,4,2,1,1,2,1,5,3,"",0,0,0,1,0,1,,""
1,1,4,3,5,4,5,4,1,1,2,3,4,2,1,5,3,1,"",0,0,0,1,0,1,,""
1,2,2,1,2,3,5,3,2,2,3,3,3,2,3,2,3,2,"",0,0,0,1,0,1,,""
1,2,3,2,4,3,4,2,2,1,2,3,3,3,3,5,2,1,"",0,0,0,1,0,1,,""
1,2,3,1,4,5,5,1,3,1,2,3,1,3,1,4,5,2,"",0,0,0,1,0,1,,""
1,3,2,2,3,3,3,2,2,1,3,3,2,2,3,4,3,1,"",0,0,0,1,0,1,,""
1,2,3,2,4,5,2,1,1,2,2,2,3,4,2,4,5,2,"",0,0,0,1,0,1,,""
2,,,,,,,,,,,,,,,,,,"",0,0,0,1,0,1,2,""
1,3,2,2,3,4,4,1,3,3,3,3,2,2,2,3,5,1,"",0,0,0,1,0,1,,""
1,1,3,1,5,4,5,2,5,5,4,3,2,3,2,5,4,2,"",0,0,0,1,0,1,,""
2,,,,,,,,,,,,,,,,,,"",0,0,0,1,0,1,2,""
,,,,,,,,,,,,,,,,,,"",0,1,0,0,0,,,""
1,1,3,3,5,1,5,1,2,1,1,1,5,5,2,5,2,1,"",0,0,0,1,0,1,,""
1,3,4,2,4,4,4,2,2,3,3,4,2,3,2,2,3,3,"",0,0,0,1,0,1,,""
1,2,3,2,4,2,4,2,3,2,3,3,3,3,3,2,4,3,"",0,0,0,1,0,1,,""
1,1,4,1,4,5,4,1,2,1,3,3,1,2,1,4,4,1,"",0,0,0,1,0,1,,""
1,2,2,1,3,1,4,1,1,1,1,3,1,3,3,3,3,1,"",0,0,0,1,0,1,,""
2,,,,,,,,,,,,,,,,,,"",0,0,0,1,0,1,2,""
1,3,1,1,2,2,3,3,2,1,3,3,1,1,4,1,5,1,"",0,0,0,1,0,4,,""
1,1,1,1,3,4,5,1,5,1,4,1,4,2,1,5,4,1,"",0,0,0,1,0,1,,""
1,1,4,2,3,4,3,2,3,3,2,3,3,4,4,4,3,2,"",0,0,0,1,0,1,,""
1,2,1,2,3,2,3,1,2,1,3,4,1,1,3,1,1,1,"",0,0,0,1,0,1,,""
1,2,2,2,4,1,3,2,2,1,2,2,3,1,2,2,3,2,"",0,0,0,1,0,1,,""
1,1,4,2,5,2,3,2,1,1,2,3,1,2,4,5,2,3,"",0,0,0,1,0,1,,""
1,2,2,2,4,2,4,2,3,3,2,2,2,2,2,1,4,1,"",0,0,0,1,0,1,,""
1,2,2,2,4,5,1,1,2,2,2,4,2,2,4,2,5,1,"",0,0,0,1,0,1,,""
1,2,2,3,2,3,4,3,1,1,3,2,3,3,3,3,3,1,"",0,0,0,1,0,1,,""
1,1,1,1,5,5,3,1,4,4,2,1,1,2,2,1,4,1,"",0,0,0,1,0,1,,""
1,2,4,2,4,1,1,1,2,2,1,1,1,2,2,4,2,1,"",0,0,0,1,0,1,,""
1,2,1,3,2,4,4,1,1,1,3,2,2,1,3,1,4,1,"",0,0,0,1,0,1,,""
1,2,1,1,5,2,2,1,1,1,2,3,2,3,3,4,4,1,"",0,0,0,1,0,1,,""
1,3,2,2,3,4,5,3,3,1,3,3,2,2,3,2,4,3,"",0,0,0,1,0,1,,""
1,2,2,2,2,2,2,1,1,2,3,1,1,1,1,4,2,1,"",0,0,0,1,0,1,,""
1,4,2,1,4,3,1,3,1,1,1,3,3,3,2,3,3,3,"",0,0,0,1,0,1,,""
1,2,3,3,2,2,4,2,2,3,3,2,3,2,2,2,3,3,"",0,0,0,1,0,1,,""
1,3,1,2,4,1,4,5,3,5,3,5,3,3,2,2,5,2,"",0,0,0,1,0,1,,""
1,3,1,2,3,4,4,1,2,2,3,3,2,3,2,4,4,3,"",0,0,0,1,0,1,,""
1,2,2,2,4,1,2,1,3,3,2,1,2,2,3,2,1,1,"",0,0,0,1,0,1,,""
1,2,4,2,2,2,4,1,1,1,2,3,5,5,2,5,5,1,"",0,0,0,1,0,1,,""
1,3,2,3,2,5,3,1,1,3,3,3,2,2,2,2,3,3,"",0,0,0,1,0,1,,""
2,,,,,,,,,,,,,,,,,,"",0,0,0,1,0,1,1,""
2,,,,,,,,,,,,,,,,,,"",0,0,0,1,0,1,1,""
,,,,,,,,,,,,,,,,,,"",0,1,0,0,0,,,""
1,2,3,2,4,5,4,1,2,1,3,2,2,2,1,2,5,1,"",0,0,0,1,0,1,,""
1,3,1,3,3,3,5,3,3,2,3,3,3,3,3,3,3,3,"",0,0,0,1,0,1,,""
1,2,3,2,2,5,5,2,5,4,4,3,2,1,1,2,5,2,"",0,0,0,1,0,1,,""
1,1,3,1,5,3,3,1,1,1,2,3,2,5,2,2,3,3,"",0,0,0,1,0,1,,""
1,1,1,1,1,5,3,1,3,3,1,3,1,1,3,1,3,1,"",0,0,0,1,0,1,,""
1,3,3,2,4,2,5,2,1,1,3,2,2,3,2,3,2,2,"",0,0,0,1,0,1,,""
1,4,1,3,2,4,5,2,3,3,3,3,2,1,1,1,5,1,"",0,0,0,1,0,1,,""
1,1,5,1,5,2,3,1,1,1,2,2,1,3,2,5,3,1,"",0,0,0,1,0,1,,""
1,,,,,,,,,,,,,,,,,,"",0,0,1,0,0,1,,""
1,2,3,2,4,3,4,1,2,2,2,1,1,2,3,2,3,3,"",0,0,0,1,0,1,,""
1,2,3,3,3,2,3,2,4,1,4,4,2,3,2,2,4,2,"",0,0,0,1,0,1,,""
1,1,5,1,5,2,2,3,1,1,1,1,2,4,1,4,2,1,"",0,0,0,1,0,1,,""
1,1,4,1,5,2,1,1,2,3,1,2,2,4,4,4,1,1,"",0,0,0,1,0,1,,""
1,1,1,2,5,4,4,4,5,1,3,2,2,4,3,1,2,3,"",0,0,0,1,0,1,,""
2,,,,,,,,,,,,,,,,,,"",0,0,0,1,0,4,2,""
1,2,1,3,3,4,3,1,2,1,3,1,2,3,1,1,5,3,"",0,0,0,1,0,1,,""
2,,,,,,,,,,,,,,,,,,"",0,0,0,1,0,4,1,""
1,1,3,1,3,4,5,1,3,3,3,4,2,3,1,1,1,1,"",0,0,0,1,0,1,,""
1,2,3,2,3,1,4,2,1,3,3,3,3,3,4,3,3,2,"",0,0,0,1,0,1,,""
1,2,4,2,4,3,2,3,2,1,2,2,2,2,4,3,3,2,"",0,0,0,1,0,1,,""
1,1,4,1,4,2,2,3,2,2,2,3,2,4,3,4,3,2,"",0,0,0,1,0,1,,""
1,3,1,2,2,4,5,5,3,1,5,3,1,2,3,1,4,1,"",0,0,0,1,0,1,,""
2,,,,,,,,,,,,,,,,,,"",0,0,0,1,0,3,2,""
1,2,1,1,4,2,2,4,2,2,2,5,1,1,5,1,4,1,"",0,0,0,1,0,1,,""
2,,,,,,,,,,,,,,,,,,"",0,0,0,1,0,4,2,""
1,1,4,1,5,2,1,1,2,1,1,1,2,4,1,4,1,1,"",0,0,0,1,0,1,,""
1,1,1,4,3,,2,,2,1,,,,,,,,,"",0,0,1,0,0,4,,""
1,2,2,2,2,2,2,2,2,2,2,2,2,1,2,2,2,1,"",0,0,0,1,0,3,,""
1,1,5,1,5,2,2,1,2,1,1,3,1,3,2,2,2,1,"",0,0,0,1,0,3,,""
1,2,5,1,5,2,5,1,1,1,2,3,1,2,2,5,3,2,"",0,0,0,1,0,1,,""
1,2,2,2,3,4,5,2,1,1,1,1,1,1,1,1,4,1,"",0,0,0,1,0,1,,""
1,4,2,1,3,5,5,5,5,5,5,2,2,1,2,5,5,1,"",0,0,0,1,0,4,,""
1,1,1,1,1,1,1,1,1,1,1,1,1,1,1,1,1,1,"",0,0,0,1,0,3,,""
1,1,4,1,5,2,2,2,2,1,2,3,2,2,2,1,4,2,"",0,0,0,1,0,1,,""
1,3,1,3,3,4,4,2,2,1,4,3,1,1,1,1,5,3,"",0,0,0,1,0,1,,""
1,2,2,2,3,4,4,2,2,2,2,3,2,3,1,2,4,2,"",0,0,0,1,0,1,,""
1,3,5,3,4,3,4,5,3,3,3,3,3,4,3,4,5,4,"",0,0,0,1,0,1,,""
1,3,2,1,3,3,3,1,2,1,2,1,1,2,1,1,3,1,"",0,0,0,1,0,4,,""
1,2,1,3,2,2,1,1,4,1,1,2,3,5,3,2,1,3,"",0,0,0,1,0,4,,""
1,2,2,2,2,3,2,1,4,4,2,1,2,2,1,3,1,1,"",0,0,0,1,0,1,,""
1,1,2,1,4,5,3,2,3,1,2,3,4,3,3,5,3,2,"",0,0,0,1,0,1,,""
1,2,1,1,3,5,5,1,3,3,2,3,1,3,2,1,5,1,"",0,0,0,1,0,1,,""
1,2,4,2,5,4,3,1,1,1,2,3,3,4,4,3,2,1,"",0,0,0,1,0,1,,""
1,2,5,2,5,2,2,1,1,1,2,1,1,2,2,4,2,1,"",0,0,0,1,0,1,,""
2,,,,,,,,,,,,,,,,,,"",0,0,0,1,0,3,2,""
1,2,3,2,1,2,4,3,1,2,3,2,2,3,2,2,3,2,"",0,0,0,1,0,1,,""
1,2,4,2,5,2,2,1,2,2,1,1,1,2,4,2,2,1,"",0,0,0,1,0,1,,""
1,2,3,2,3,5,5,2,2,2,3,3,2,2,2,2,5,1,"",0,0,0,1,0,1,,""
1,2,3,1,3,3,4,1,2,2,2,3,1,4,2,2,3,1,"",0,0,0,1,0,1,,""
1,1,4,1,5,1,4,1,2,2,1,1,1,5,5,5,1,1,"",0,0,0,1,0,1,,""
1,1,5,1,5,1,2,2,1,1,1,3,2,5,2,4,2,1,"",0,0,0,1,0,1,,""
1,1,4,1,5,2,1,3,4,1,1,3,2,5,4,5,2,1,"",0,0,0,1,0,1,,""
1,3,3,3,2,4,3,2,2,3,3,3,2,3,2,1,4,2,"",0,0,0,1,0,1,,""
1,4,1,5,4,2,4,3,5,5,5,2,3,2,4,3,5,2,"",0,0,0,1,0,1,,""
1,3,2,1,4,3,2,2,2,1,3,3,2,2,4,2,3,2,"",0,0,0,1,0,1,,""
1,3,3,2,2,2,4,2,2,2,3,3,2,2,2,2,4,2,"",0,0,0,1,0,1,,""
1,3,2,2,2,4,5,1,5,2,3,3,3,2,2,3,4,3,"",0,0,0,1,0,1,,""
1,2,1,2,2,3,3,3,2,5,2,3,3,4,3,3,5,2,"",0,0,0,1,0,1,,""
1,1,5,1,5,4,2,1,2,1,2,1,1,1,1,5,5,1,"",0,0,0,1,0,1,,""
1,2,3,2,2,3,3,4,2,2,3,3,3,2,3,2,3,3,"",0,0,0,1,0,1,,""
1,3,2,2,4,3,4,2,2,2,4,1,1,2,3,1,5,2,"",0,0,0,1,0,1,,""
1,2,3,2,2,4,4,2,2,2,3,2,2,2,2,2,4,2,"",0,0,0,1,0,1,,""
1,2,2,2,4,3,4,2,3,1,2,3,1,3,2,1,3,1,"",0,0,0,1,0,1,,""
1,3,2,4,3,4,3,3,2,3,3,3,2,2,3,3,3,3,"",0,0,0,1,0,1,,""
1,1,2,1,2,3,4,1,1,1,2,1,1,1,1,2,3,1,"",0,0,0,1,0,1,,""
1,2,1,2,4,3,5,3,1,1,2,3,2,2,3,1,2,1,"",0,0,0,1,0,3,,""
1,2,1,2,2,3,4,2,2,2,3,4,3,2,2,2,4,2,"",0,0,0,1,0,1,,""
1,2,4,2,4,2,2,5,1,1,2,3,4,3,3,2,2,2,"",0,0,0,1,0,1,,""
2,,,,,,,,,,,,,,,,,,"",0,0,0,1,0,1,2,""
1,3,1,2,4,2,5,1,2,4,3,2,1,1,2,1,4,2,"",0,0,0,1,0,1,,""
1,2,2,2,2,1,3,2,1,1,2,2,2,3,2,2,3,2,"",0,0,0,1,0,1,,""
1,1,3,2,3,4,5,1,2,1,2,3,1,3,3,5,2,1,"",0,0,0,1,0,4,,""
1,3,2,3,2,4,5,1,2,2,5,3,2,3,2,1,5,2,"",0,0,0,1,0,1,,""
1,5,2,1,1,2,4,3,2,2,4,3,3,1,1,1,5,1,"",0,0,0,1,0,1,,""
1,2,3,1,3,3,3,1,1,1,2,2,2,2,3,4,3,3,"",0,0,0,1,0,1,,""
1,2,2,2,3,4,5,1,1,1,2,3,1,2,1,2,3,3,"",0,0,0,1,0,1,,""
1,2,4,2,5,3,5,1,2,2,2,3,2,2,2,4,3,1,"",0,0,0,1,0,3,,""
1,1,4,4,5,1,2,1,2,1,1,1,2,4,1,1,3,3,"",0,0,0,1,0,1,,""
1,1,3,2,5,5,5,1,1,1,3,1,1,1,1,1,4,1,"",0,0,0,1,0,1,,""
1,2,4,1,5,5,3,1,5,2,3,3,3,3,2,5,3,2,"",0,0,0,1,0,1,,""
1,2,1,1,3,3,2,1,1,1,2,1,1,4,2,2,2,1,"",0,0,0,1,0,1,,""
1,2,4,2,4,5,4,2,2,2,4,3,3,4,2,4,4,3,"",0,0,0,1,0,1,,""
1,3,4,3,3,4,5,3,2,2,3,3,3,3,3,3,3,3,"",0,0,0,1,0,1,,""
1,1,4,1,4,3,4,1,1,1,2,3,2,2,3,3,4,2,"",0,0,0,1,0,1,,""
1,3,1,2,5,1,4,2,4,2,4,3,5,1,4,1,5,5,"",0,0,0,1,0,1,,""
2,,,,,,,,,,,,,,,,,,"",0,0,0,1,0,1,2,""
1,2,4,2,4,2,2,3,2,2,2,3,3,3,3,2,3,2,"",0,0,0,1,0,1,,""
1,2,1,1,2,4,4,3,2,2,3,3,2,1,1,1,3,2,"",0,0,0,1,0,1,,""
1,2,3,3,2,5,4,2,1,1,3,3,2,1,2,1,4,1,"",0,0,0,1,0,1,,""
1,2,2,2,2,5,4,1,1,1,2,1,1,1,2,2,3,3,"",0,0,0,1,0,1,,""
1,,,,,,,,,,,,,,,,,,"",0,0,1,0,0,4,,""
1,1,5,2,3,2,2,2,1,1,2,3,2,5,2,5,2,1,"",0,0,0,1,0,1,,""
1,2,1,2,4,5,3,2,1,4,3,2,3,2,2,2,4,2,"",0,0,0,1,0,1,,""
1,3,4,1,4,4,5,2,1,1,2,3,1,3,2,2,5,1,"",0,0,0,1,0,1,,""
1,1,3,1,3,5,1,3,3,5,5,1,5,5,5,1,5,1,"",0,0,0,1,0,1,,""
1,1,1,1,1,1,1,1,1,1,1,1,1,1,1,1,1,1,"",0,0,0,1,0,4,,""
1,3,4,2,2,4,4,1,1,2,3,3,1,2,4,3,3,1,"",0,0,0,1,0,1,,""
1,1,3,3,3,1,5,2,1,3,2,1,3,1,1,2,2,3,"",0,0,0,1,0,1,,""
1,3,2,3,3,3,5,3,2,2,3,3,3,3,3,3,3,3,"",0,0,0,1,0,1,,""
1,2,4,1,3,4,3,1,2,1,2,2,2,3,1,3,2,2,"",0,0,0,1,0,1,,""
1,1,2,2,4,3,2,3,2,2,2,3,1,3,2,2,2,2,"",0,0,0,1,0,1,,""
1,1,3,2,5,3,2,3,1,2,3,3,2,4,5,5,2,5,"",0,0,0,1,0,1,,""
1,2,3,1,2,3,2,2,1,1,2,2,1,1,2,1,1,1,"",0,0,0,1,0,1,,""
1,2,2,2,2,2,2,3,2,1,2,3,2,3,3,1,2,3,"",0,0,0,1,0,1,,""
1,1,2,1,5,4,2,2,3,2,2,2,3,3,3,4,1,1,"",0,0,0,1,0,1,,""
2,,,,,,,,,,,,,,,,,,"",0,0,0,1,0,3,2,""
1,3,2,2,4,4,3,2,2,2,3,3,4,3,3,1,5,1,"",0,0,0,1,0,1,,""
1,2,2,1,3,4,5,2,1,1,2,3,1,1,1,1,2,2,"",0,0,0,1,0,1,,""
1,1,2,2,4,2,2,2,1,1,1,1,2,3,2,2,4,2,"",0,0,0,1,0,1,,""
1,1,4,1,5,3,1,1,1,1,1,1,1,3,2,5,1,1,"",0,0,0,1,0,1,,""
1,1,3,2,3,2,1,1,3,2,2,2,2,3,2,2,2,1,"",0,0,0,1,0,1,,""
1,3,1,2,2,5,5,4,3,2,4,2,2,2,2,2,4,3,"",0,0,0,1,0,1,,""
1,2,2,1,4,2,4,1,1,1,1,2,2,3,2,1,4,1,"",0,0,0,1,0,1,,""
1,2,4,2,4,4,4,1,2,3,2,2,2,2,2,3,4,2,"",0,0,0,1,0,1,,""
1,2,1,2,4,3,3,1,2,3,3,2,2,1,2,4,4,1,"",0,0,0,1,0,1,,""
1,3,2,4,2,4,4,3,4,4,4,3,2,2,2,2,5,3,"",0,0,0,1,0,1,,""
1,2,1,2,3,3,4,1,3,2,3,3,2,3,2,2,4,2,"",0,0,0,1,0,1,,""
1,4,2,2,4,3,4,2,2,1,3,3,2,2,3,2,4,2,"",0,0,0,1,0,1,,""
1,1,4,2,5,2,2,4,1,1,1,2,2,5,4,4,2,1,"",0,0,0,1,0,1,,""
1,2,1,2,4,1,2,1,1,1,4,3,5,2,3,4,4,5,"",0,0,0,1,0,1,,""
1,2,4,2,4,3,2,3,2,2,2,4,2,2,3,3,3,2,"",0,0,0,1,0,1,,""
1,1,4,1,4,3,4,2,3,3,1,4,2,4,3,4,2,1,"",0,0,0,1,0,1,,""
1,3,1,4,2,5,5,2,2,1,3,3,1,3,1,4,5,2,"",0,0,0,1,0,1,,""
1,2,3,3,3,3,3,3,2,3,3,3,3,3,3,3,3,3,"",0,0,0,1,0,1,,""
1,1,3,1,5,3,4,1,1,1,1,1,1,5,2,5,2,1,"",0,0,0,1,0,1,,""
1,2,2,1,3,2,4,2,2,2,2,3,2,2,3,5,4,2,"",0,0,0,1,0,1,,""
1,2,2,2,3,4,3,2,2,2,3,2,2,3,2,2,4,2,"",0,0,0,1,0,1,,""
1,2,5,2,4,2,2,1,1,1,3,4,5,5,4,2,3,1,"",0,0,0,1,0,1,,""
1,2,2,2,4,3,5,4,2,3,2,4,2,3,2,4,2,2,"",0,0,0,1,0,1,,""
1,2,2,1,4,5,4,1,2,3,3,1,1,2,1,2,4,1,"",0,0,0,1,0,4,,""
1,2,3,3,4,5,4,1,1,1,2,3,4,4,2,1,4,3,"",0,0,0,1,0,1,,""
1,1,3,1,3,1,1,3,4,5,1,1,1,2,1,3,1,1,"",0,0,0,1,0,1,,""
